case,m,n,cells,seconds,runs,passed
case01,512,512,262144,0.02263649999804329,44,True
case02,1024,512,524288,0.046437416996923275,22,True
case03,1024,1027,1051648,0.08804345899261534,12,True
case04,1024,2048,2097152,0.17099054199934471,6,True
case05,2048,2044,4186112,0.3562183750036638,3,True
case06,4096,2048,8388608,0.7593723749887431,3,True
case07,4096,4120,16875520,1.4725381250027567,3,True
case08,4096,8192,33554432,2.9304280829965137,3,True
case09,8192,8186,67059712,6.0102198329987,3,True
case10,16384,8192,134217728,12.667102042003535,3,True
